Dag II,135,action,9.0
The Dark Knight,152,action,9.0
Inception,148,action,8.8
The Matrix,136,action,8.7
Star Wars: Episode V - The Empire Strikes Back,124,action,8.7
Star Wars,121,action,8.6
Shichinin no samurai,207,action,8.6
Avengers: Endgame,181,action,8.5
Avengers: Infinity War,149,action,8.5
Gladiator,155,action,8.5
Léon,110,action,8.5
Terminator 2: Judgment Day,137,action,8.5
Uri: The Surgical Strike,138,action,8.4
Dangal,161,action,8.4
Spider-Man: Into the Spider-Verse,117,action,8.4
The Dark Knight Rises,164,action,8.4
Oldeuboi,101,action,8.4
Aliens,137,action,8.4
Raiders of the Lost Ark,115,action,8.4
Ford v. Ferrari,152,action,8.3
Star Wars: Episode VI - Return of the Jedi,131,action,8.3
K.G.F: Chapter 1,156,action,8.2
Baahubali 2: The Conclusion,167,action,8.2
Vishwaroopam,148,action,8.2
Gangs of Wasseypur,321,action,8.2
Paan Singh Tomar,135,action,8.2
V for Vendetta,132,action,8.2
Batman Begins,140,action,8.2
Hera Pheri,156,action,8.2
Shin seiki Evangelion Gekijô-ban: Air/Magokoro wo,87,action,8.2
Indiana Jones and the Last Crusade,127,action,8.2
Die Hard,132,action,8.2
Ran,162,action,8.2
Sholay,198,action,8.2
Yôjinbô,110,action,8.2
White Heat,114,action,8.2
Sherlock Jr.,45,action,8.2
Haider,160,action,8.1
Logan,137,action,8.1
Bahubali: The Beginning,159,action,8.1
1 - Nenokkadine,170,action,8.1
Mad Max: Fury Road,120,action,8.1
How to Train Your Dragon,98,action,8.1
Tropa de Elite,115,action,8.1
Taegukgi hwinalrimyeo,140,action,8.1
Salinui chueok,131,action,8.1
Kill Bill: Vol. 1,111,action,8.1
Jurassic Park,127,action,8.1
Akira,124,action,8.1
Blade Runner,117,action,8.1
The Lord of the Rings: The Return of the King,201,adventure,8.9
Inception,148,adventure,8.8
The Lord of the Rings: The Fellowship of the Ring,178,adventure,8.8
The Lord of the Rings: The Two Towers,179,adventure,8.7
Star Wars: Episode V - The Empire Strikes Back,124,adventure,8.7
Interstellar,169,adventure,8.6
Sen to Chihiro no kamikakushi,125,adventure,8.6
Star Wars,121,adventure,8.6
Shichinin no samurai,207,adventure,8.6
Avengers: Endgame,181,adventure,8.5
Avengers: Infinity War,149,adventure,8.5
Gladiator,155,adventure,8.5
The Lion King,88,adventure,8.5
Back to the Future,116,adventure,8.5
Spider-Man: Into the Spider-Verse,117,adventure,8.4
Coco,105,adventure,8.4
WALL·E,98,adventure,8.4
Mononoke-hime,134,adventure,8.4
Aliens,137,adventure,8.4
Raiders of the Lost Ark,115,adventure,8.4
Klaus,96,adventure,8.3
Toy Story 3,103,adventure,8.3
Inglourious Basterds,153,adventure,8.3
Toy Story,81,adventure,8.3
Star Wars: Episode VI - Return of the Jedi,131,adventure,8.3
Das Boot,149,adventure,8.3
2001: A Space Odyssey,149,adventure,8.3
Lawrence of Arabia,228,adventure,8.3
North by Northwest,136,adventure,8.3
Inside Out,95,adventure,8.2
Up,96,adventure,8.2
Batman Begins,140,adventure,8.2
Hauru no ugoku shiro,119,adventure,8.2
Indiana Jones and the Last Crusade,127,adventure,8.2
Sholay,198,adventure,8.2
Monty Python and the Holy Grail,91,adventure,8.2
The Great Escape,172,adventure,8.2
The Treasure of the Sierra Madre,126,adventure,8.2
The Gold Rush,95,adventure,8.2
The Grand Budapest Hotel,99,adventure,8.1
Song of the Sea,93,adventure,8.1
Mad Max: Fury Road,120,adventure,8.1
Harry Potter and the Deathly Hallows: Part 2,130,adventure,8.1
How to Train Your Dragon,98,adventure,8.1
Into the Wild,148,adventure,8.1
Finding Nemo,100,adventure,8.1
Lagaan: Once Upon a Time in India,224,adventure,8.1
Jurassic Park,127,adventure,8.1
The Princess Bride,98,adventure,8.1
Stand by Me,89,adventure,8.1
Sen to Chihiro no kamikakushi,125,animation,8.6
The Lion King,88,animation,8.5
Hotaru no haka,89,animation,8.5
Kimi no na wa.,106,animation,8.4
Spider-Man: Into the Spider-Verse,117,animation,8.4
Coco,105,animation,8.4
WALL·E,98,animation,8.4
Mononoke-hime,134,animation,8.4
Klaus,96,animation,8.3
Toy Story 3,103,animation,8.3
Toy Story,81,animation,8.3
Eiga Koe no katachi,130,animation,8.2
Inside Out,95,animation,8.2
Up,96,animation,8.2
Hauru no ugoku shiro,119,animation,8.2
Shin seiki Evangelion Gekijô-ban: Air/Magokoro wo,87,animation,8.2
Tonari no Totoro,86,animation,8.2
Ookami kodomo no Ame to Yuki,117,animation,8.1
Song of the Sea,93,animation,8.1
Mary and Max,92,animation,8.1
How to Train Your Dragon,98,animation,8.1
Finding Nemo,100,animation,8.1
Akira,124,animation,8.1
Kaze no tani no Naushika,117,animation,8.1
Pink Floyd: The Wall,95,animation,8.1
Zootopia,108,animation,8.0
Kaguyahime no monogatari,137,animation,8.0
Persepolis,96,animation,8.0
Ratatouille,111,animation,8.0
The Incredibles,115,animation,8.0
Monsters,92,animation,8.0
Pâfekuto burû,81,animation,8.0
The Iron Giant,86,animation,8.0
Mimi wo sumaseba,111,animation,8.0
Kôkaku Kidôtai,83,animation,8.0
The Nightmare Before Christmas,76,animation,8.0
Aladdin,90,animation,8.0
Beauty and the Beast,84,animation,8.0
Tenkû no shiro Rapyuta,125,animation,8.0
Isle of Dogs,101,animation,7.9
Toy Story 4,100,animation,7.9
Cowboy Bebop: Tengoku no tobira,115,animation,7.9
Toy Story 2,92,animation,7.9
Jûbê ninpûchô,94,animation,7.9
Majo no takkyûbin,103,animation,7.9
Kubo and the Two Strings,101,animation,7.8
Loving Vincent,94,animation,7.8
Big Hero 6,102,animation,7.8
Kaze tachinu,126,animation,7.8
How to Train Your Dragon 2,102,animation,7.8
Schindler's List,195,biography,8.9
Goodfellas,146,biography,8.7
Ayla: The Daughter of War,125,biography,8.5
The Intouchables,112,biography,8.5
The Pianist,150,biography,8.5
Dangal,161,biography,8.4
Ford v. Ferrari,152,biography,8.3
Braveheart,178,biography,8.3
Amadeus,160,biography,8.3
Lawrence of Arabia,228,biography,8.3
Green Book,130,biography,8.2
Bhaag Milkha Bhaag,186,biography,8.2
Paan Singh Tomar,135,biography,8.2
The Irishman,209,biography,8.2
The Wolf of Wall Street,180,biography,8.2
Der Untergang,156,biography,8.2
A Beautiful Mind,135,biography,8.2
Raging Bull,129,biography,8.2
The Message,177,biography,8.2
Andrei Rublev,205,biography,8.2
La passion de Jeanne d'Arc,110,biography,8.2
Hacksaw Ridge,139,biography,8.1
12 Years a Slave,134,biography,8.1
Rush,123,biography,8.1
Spotlight,129,biography,8.1
Into the Wild,148,biography,8.1
Hotel Rwanda,121,biography,8.1
Catch Me If You Can,141,biography,8.1
In the Name of the Father,133,biography,8.1
The Elephant Man,124,biography,8.1
Zerkalo,107,biography,8.1
Inherit the Wind,128,biography,8.1
Lion,118,biography,8.0
The Imitation Game,114,biography,8.0
Bohemian Rhapsody,134,biography,8.0
The Revenant,156,biography,8.0
The King's Speech,118,biography,8.0
Yip Man,106,biography,8.0
Persepolis,96,biography,8.0
Dallas Buyers Club,117,biography,8.0
The Pursuit of Happyness,117,biography,8.0
Le scaphandre et le papillon,112,biography,8.0
Mar adentro,126,biography,8.0
Cinderella Man,144,biography,8.0
The Straight Story,112,biography,8.0
Gandhi,191,biography,8.0
All the President's Men,138,biography,8.0
Dog Day Afternoon,125,biography,8.0
Papillon,151,biography,8.0
Aguirre,95,biography,8.0
Hababam Sinifi,87,comedy,9.4
Gisaengchung,132,comedy,8.6
La vita è bella,116,comedy,8.6
The Intouchables,112,comedy,8.5
Back to the Future,116,comedy,8.5
The Great Dictator,125,comedy,8.5
Modern Times,87,comedy,8.5
City Lights,87,comedy,8.5
3 Idiots,170,comedy,8.4
Dr. Strangelove or: How I Learned to Stop Worrying and Love the Bomb,95,comedy,8.4
Marriage Story,136,comedy,8.3
Klaus,96,comedy,8.3
Toy Story 3,103,comedy,8.3
Amélie,122,comedy,8.3
Snatch,104,comedy,8.3
Toy Story,81,comedy,8.3
The Sting,129,comedy,8.3
The Apartment,125,comedy,8.3
Singin' in the Rain,103,comedy,8.3
The Kid,68,comedy,8.3
Green Book,130,comedy,8.2
Three Billboards Outside Ebbing,115,comedy,8.2
Queen,146,comedy,8.2
OMG: Oh My God!,125,comedy,8.2
Inside Out,95,comedy,8.2
Gangs of Wasseypur,321,comedy,8.2
Up,96,comedy,8.2
Rang De Basanti,167,comedy,8.2
Hera Pheri,156,comedy,8.2
Lock,107,comedy,8.2
Andaz Apna Apna,160,comedy,8.2
Sholay,198,comedy,8.2
Monty Python and the Holy Grail,91,comedy,8.2
Some Like It Hot,121,comedy,8.2
The Gold Rush,95,comedy,8.2
Sherlock Jr.,45,comedy,8.2
Knives Out,130,comedy,8.1
Relatos salvajes,122,comedy,8.1
PK,153,comedy,8.1
The Grand Budapest Hotel,99,comedy,8.1
Barfi!,151,comedy,8.1
Zindagi Na Milegi Dobara,155,comedy,8.1
Mary and Max,92,comedy,8.1
Lage Raho Munna Bhai,144,comedy,8.1
Munna Bhai M.B.B.S.,156,comedy,8.1
Dil Chahta Hai,183,comedy,8.1
Finding Nemo,100,comedy,8.1
The Truman Show,103,comedy,8.1
Crna macka,127,comedy,8.1
The Big Lebowski,117,comedy,8.1
The Godfather,175,crime,9.2
The Dark Knight,152,crime,9.0
The Godfather: Part II,202,crime,9.0
Pulp Fiction,154,crime,8.9
Joker,122,crime,8.7
Goodfellas,146,crime,8.7
Cidade de Deus,130,crime,8.6
The Green Mile,189,crime,8.6
Se7en,127,crime,8.6
The Silence of the Lambs,118,crime,8.6
Drishyam,160,crime,8.5
The Departed,151,crime,8.5
The Usual Suspects,106,crime,8.5
Léon,110,crime,8.5
Andhadhun,139,crime,8.4
Once Upon a Time in America,229,crime,8.4
Witness for the Prosecution,116,crime,8.4
Snatch,104,crime,8.3
Eskiya,128,crime,8.3
Reservoir Dogs,99,crime,8.3
Scarface,170,crime,8.3
Taxi Driver,114,crime,8.3
The Sting,129,crime,8.3
A Clockwork Orange,136,crime,8.3
To Kill a Mockingbird,129,crime,8.3
Double Indemnity,107,crime,8.3
M - Eine Stadt sucht einen Mörder,117,crime,8.3
Three Billboards Outside Ebbing,115,crime,8.2
Talvar,132,crime,8.2
Drishyam,163,crime,8.2
Gangs of Wasseypur,321,crime,8.2
Paan Singh Tomar,135,crime,8.2
The Irishman,209,crime,8.2
The Wolf of Wall Street,180,crime,8.2
Hera Pheri,156,crime,8.2
Lock,107,crime,8.2
L.A. Confidential,138,crime,8.2
Heat,170,crime,8.2
Casino,178,crime,8.2
Dial M for Murder,105,crime,8.2
Rashômon,88,crime,8.2
White Heat,114,crime,8.2
Knives Out,130,crime,8.1
Contratiempo,106,crime,8.1
Haider,160,crime,8.1
The Grand Budapest Hotel,99,crime,8.1
Spotlight,129,crime,8.1
Prisoners,153,crime,8.1
A Wednesday,104,crime,8.1
Tropa de Elite,115,crime,8.1
Hababam Sinifi,87,drama,9.4
The Shawshank Redemption,142,drama,9.3
The Godfather,175,drama,9.2
Dag II,135,drama,9.0
The Dark Knight,152,drama,9.0
The Godfather: Part II,202,drama,9.0
The Lord of the Rings: The Return of the King,201,drama,8.9
Pulp Fiction,154,drama,8.9
Schindler's List,195,drama,8.9
12 Angry Men,96,drama,8.9
Fight Club,139,drama,8.8
The Lord of the Rings: The Fellowship of the Ring,178,drama,8.8
Forrest Gump,142,drama,8.8
Joker,122,drama,8.7
The Lord of the Rings: The Two Towers,179,drama,8.7
Goodfellas,146,drama,8.7
One Flew Over the Cuckoo's Nest,133,drama,8.7
Seppuku,133,drama,8.7
Gisaengchung,132,drama,8.6
Interstellar,169,drama,8.6
Cidade de Deus,130,drama,8.6
Saving Private Ryan,169,drama,8.6
The Green Mile,189,drama,8.6
La vita è bella,116,drama,8.6
Se7en,127,drama,8.6
The Silence of the Lambs,118,drama,8.6
Shichinin no samurai,207,drama,8.6
It's a Wonderful Life,130,drama,8.6
Ayla: The Daughter of War,125,drama,8.5
Avengers: Endgame,181,drama,8.5
Drishyam,160,drama,8.5
Whiplash,106,drama,8.5
The Intouchables,112,drama,8.5
The Prestige,130,drama,8.5
The Departed,151,drama,8.5
The Pianist,150,drama,8.5
Gladiator,155,drama,8.5
American History X,119,drama,8.5
Léon,110,drama,8.5
The Lion King,88,drama,8.5
Nuovo Cinema Paradiso,155,drama,8.5
Hotaru no haka,89,drama,8.5
Casablanca,102,drama,8.5
The Great Dictator,125,drama,8.5
Modern Times,87,drama,8.5
City Lights,87,drama,8.5
Uri: The Surgical Strike,138,drama,8.4
Capharnaüm,126,drama,8.4
Kimi no na wa.,106,drama,8.4
Dangal,161,drama,8.4
Sen to Chihiro no kamikakushi,125,family,8.6
It's a Wonderful Life,130,family,8.6
The Lion King,88,family,8.5
Modern Times,87,family,8.5
Spider-Man: Into the Spider-Verse,117,family,8.4
Coco,105,family,8.4
Taare Zameen Par,165,family,8.4
WALL·E,98,family,8.4
Klaus,96,family,8.3
Babam ve Oglum,108,family,8.3
Toy Story 3,103,family,8.3
Bacheha-Ye aseman,89,family,8.3
Toy Story,81,family,8.3
The Kid,68,family,8.3
Inside Out,95,family,8.2
Up,96,family,8.2
Chak De! India,153,family,8.2
Hauru no ugoku shiro,119,family,8.2
Andaz Apna Apna,160,family,8.2
Tonari no Totoro,86,family,8.2
The Gold Rush,95,family,8.2
Ookami kodomo no Ame to Yuki,117,family,8.1
Song of the Sea,93,family,8.1
Hachi: A Dog's Tale,93,family,8.1
How to Train Your Dragon,98,family,8.1
Finding Nemo,100,family,8.1
The Princess Bride,98,family,8.1
Zootopia,108,family,8.0
Kaguyahime no monogatari,137,family,8.0
Wonder,113,family,8.0
Ratatouille,111,family,8.0
The Incredibles,115,family,8.0
Monsters,92,family,8.0
The Iron Giant,86,family,8.0
Mimi wo sumaseba,111,family,8.0
The Nightmare Before Christmas,76,family,8.0
Aladdin,90,family,8.0
Beauty and the Beast,84,family,8.0
Tenkû no shiro Rapyuta,125,family,8.0
A Christmas Story,94,family,8.0
Fiddler on the Roof,181,family,8.0
The Sound of Music,172,family,8.0
The Wizard of Oz,102,family,8.0
Toy Story 4,100,family,7.9
Harry Potter and the Prisoner of Azkaban,142,family,7.9
Toy Story 2,92,family,7.9
Majo no takkyûbin,103,family,7.9
Miracle on 34th Street,96,family,7.9
Bringing Up Baby,102,family,7.9
Paddington 2,103,family,7.8
The Lord of the Rings: The Return of the King,201,fantasy,8.9
The Lord of the Rings: The Fellowship of the Ring,178,fantasy,8.8
The Lord of the Rings: The Two Towers,179,fantasy,8.7
Star Wars: Episode V - The Empire Strikes Back,124,fantasy,8.7
Sen to Chihiro no kamikakushi,125,fantasy,8.6
The Green Mile,189,fantasy,8.6
Star Wars,121,fantasy,8.6
It's a Wonderful Life,130,fantasy,8.6
Kimi no na wa.,106,fantasy,8.4
Coco,105,fantasy,8.4
Mononoke-hime,134,fantasy,8.4
Toy Story 3,103,fantasy,8.3
Toy Story,81,fantasy,8.3
Star Wars: Episode VI - Return of the Jedi,131,fantasy,8.3
OMG: Oh My God!,125,fantasy,8.2
Inside Out,95,fantasy,8.2
Pan's Labyrinth,118,fantasy,8.2
Hauru no ugoku shiro,119,fantasy,8.2
Shin seiki Evangelion Gekijô-ban: Air/Magokoro wo,87,fantasy,8.2
Tonari no Totoro,86,fantasy,8.2
Monty Python and the Holy Grail,91,fantasy,8.2
Det sjunde inseglet,96,fantasy,8.2
PK,153,fantasy,8.1
Ookami kodomo no Ame to Yuki,117,fantasy,8.1
Song of the Sea,93,fantasy,8.1
Harry Potter and the Deathly Hallows: Part 2,130,fantasy,8.1
How to Train Your Dragon,98,fantasy,8.1
The Princess Bride,98,fantasy,8.1
Kaze no tani no Naushika,117,fantasy,8.1
Pink Floyd: The Wall,95,fantasy,8.1
El ángel exterminador,95,fantasy,8.1
Das Cabinet des Dr. Caligari,76,fantasy,8.1
Kaguyahime no monogatari,137,fantasy,8.0
Ratatouille,111,fantasy,8.0
Pirates of the Caribbean: The Curse of the Black Pearl,143,fantasy,8.0
Big Fish,125,fantasy,8.0
Monsters,92,fantasy,8.0
The Nightmare Before Christmas,76,fantasy,8.0
Groundhog Day,101,fantasy,8.0
Aladdin,90,fantasy,8.0
Beauty and the Beast,84,fantasy,8.0
Der Himmel über Berlin,128,fantasy,8.0
Tenkû no shiro Rapyuta,125,fantasy,8.0
The Wizard of Oz,102,fantasy,8.0
Isle of Dogs,101,fantasy,7.9
Thor: Ragnarok,130,fantasy,7.9
Toy Story 4,100,fantasy,7.9
The Man from Earth,87,fantasy,7.9
The Fall,117,fantasy,7.9
Life of Pi,127,fantasy,7.9
Witness for the Prosecution,116,film_noir,8.4
Sunset Blvd.,110,film_noir,8.4
Double Indemnity,107,film_noir,8.3
Ace in the Hole,111,film_noir,8.2
White Heat,114,film_noir,8.2
Sweet Smell of Success,96,film_noir,8.1
The Third Man,104,film_noir,8.1
Touch of Evil,95,film_noir,8.0
The Killing,84,film_noir,8.0
The Night of the Hunter,92,film_noir,8.0
Strangers on a Train,101,film_noir,8.0
Out of the Past,97,film_noir,8.0
Laura,88,film_noir,8.0
The Maltese Falcon,100,film_noir,8.0
Notorious,102,film_noir,7.9
The Big Sleep,114,film_noir,7.9
The Lost Weekend,101,film_noir,7.9
To Have and Have Not,100,film_noir,7.9
Key Largo,100,film_noir,7.8
The Lady Vanishes,96,film_noir,7.8
Gilda,110,film_noir,7.7
The 39 Steps,86,film_noir,7.7
Spellbound,111,film_noir,7.6
Schindler's List,195,history,8.9
Seppuku,133,history,8.7
Ayla: The Daughter of War,125,history,8.5
Braveheart,178,history,8.3
Amadeus,160,history,8.3
Lawrence of Arabia,228,history,8.3
Der Untergang,156,history,8.2
The Message,177,history,8.2
Andrei Rublev,205,history,8.2
The Great Escape,172,history,8.2
La passion de Jeanne d'Arc,110,history,8.2
Hacksaw Ridge,139,history,8.1
12 Years a Slave,134,history,8.1
Hotel Rwanda,121,history,8.1
Da hong deng long gao gao gua,125,history,8.1
Barry Lyndon,185,history,8.1
Inherit the Wind,128,history,8.1
Ben-Hur,212,history,8.1
Kumonosu-jô,110,history,8.1
Gone with the Wind,238,history,8.1
Airlift,130,history,8.0
The Revenant,156,history,8.0
The King's Speech,118,history,8.0
Yip Man,106,history,8.0
Persepolis,96,history,8.0
Cinderella Man,144,history,8.0
JFK,189,history,8.0
Gandhi,191,history,8.0
Kagemusha,180,history,8.0
All the President's Men,138,history,8.0
Aguirre,95,history,8.0
The Grapes of Wrath,129,history,8.0
Bronenosets Potemkin,75,history,8.0
Dunkirk,106,history,7.9
Straight Outta Compton,147,history,7.9
Letters from Iwo Jima,141,history,7.9
Ying xiong,107,history,7.9
The Lion in Winter,134,history,7.9
Spartacus,197,history,7.9
Hidden Figures,127,history,7.8
Under sandet,100,history,7.8
Pride,119,history,7.8
Kaze tachinu,126,history,7.8
The Big Short,130,history,7.8
Das weiße Band - Eine deutsche Kindergeschichte,144,history,7.8
Tombstone,130,history,7.8
Glory,122,history,7.8
Mississippi Burning,128,history,7.8
Empire of the Sun,153,history,7.8
The Killing Fields,141,history,7.8
Psycho,109,horror,8.5
The Shining,146,horror,8.4
Alien,117,horror,8.4
The Thing,109,horror,8.1
What Ever Happened to Baby Jane?,134,horror,8.1
Das Cabinet des Dr. Caligari,76,horror,8.1
Pâfekuto burû,81,horror,8.0
The Exorcist,122,horror,8.0
Rosemary's Baby,137,horror,8.0
Les diaboliques,117,horror,8.0
Låt den rätte komma in,114,horror,7.9
Shaun of the Dead,99,horror,7.9
Dawn of the Dead,127,horror,7.9
Night of the Living Dead,96,horror,7.9
King Kong,100,horror,7.9
Freaks,64,horror,7.9
Nosferatu,94,horror,7.9
Ang-ma-reul bo-at-da,142,horror,7.8
Evil Dead II,84,horror,7.8
Halloween,91,horror,7.8
Wait Until Dark,108,horror,7.8
Bride of Frankenstein,75,horror,7.8
Frankenstein,70,horror,7.8
Get Out,104,horror,7.7
What We Do in the Shadows,86,horror,7.7
Vampire Hunter D: Bloodlust,103,horror,7.7
Repulsion,105,horror,7.7
The Birds,119,horror,7.7
Peeping Tom,101,horror,7.7
Invasion of the Body Snatchers,80,horror,7.7
The Invisible Man,71,horror,7.7
Doctor Sleep,152,horror,7.6
La piel que habito,120,horror,7.6
Zombieland,88,horror,7.6
Saw,103,horror,7.6
28 Days Later...,113,horror,7.6
The Others,101,horror,7.6
Interview with the Vampire: The Vampire Chronicles,123,horror,7.6
Profondo rosso,127,horror,7.6
Gojira,96,horror,7.6
A Quiet Place,90,horror,7.5
Upgrade,100,horror,7.5
Train to Busan,118,horror,7.5
Tucker and Dale vs Evil,89,horror,7.5
The Conjuring,112,horror,7.5
Grindhouse,191,horror,7.5
Army of Darkness,81,horror,7.5
Braindead,104,horror,7.5
Jacob's Ladder,113,horror,7.5
The Fly,96,horror,7.5
Whiplash,106,music,8.5
The Pianist,150,music,8.5
Coco,105,music,8.4
Amadeus,160,music,8.3
Green Book,130,music,8.2
Some Like It Hot,121,music,8.2
The Red Shoes,135,music,8.2
Okuribito,130,music,8.1
La leggenda del pianista sull'oceano,169,music,8.1
Pink Floyd: The Wall,95,music,8.1
La La Land,128,music,8.0
Sing Street,106,music,8.0
Bohemian Rhapsody,134,music,8.0
Mimi wo sumaseba,111,music,8.0
Straight Outta Compton,147,music,7.9
Les choristes,97,music,7.9
Almost Famous,122,music,7.9
Trois couleurs: Bleu,98,music,7.9
This Is Spinal Tap,82,music,7.9
The Blues Brothers,133,music,7.9
All That Jazz,123,music,7.9
A Night at the Opera,96,music,7.9
The Broken Circle Breakdown,111,music,7.8
Once,86,music,7.8
Walk the Line,136,music,7.8
La double vie de Véronique,98,music,7.8
Fantasia,125,music,7.8
Rockstar,159,music,7.7
A Star Is Born,136,music,7.7
Joyeux Noël,116,music,7.7
Control,122,music,7.7
Ray,152,music,7.7
Billy Elliot,110,music,7.7
Hedwig and the Angry Inch,95,music,7.7
O Brother,107,music,7.7
Shine,105,music,7.7
Zimna wojna,89,music,7.6
Baby Driver,113,music,7.6
La Vie En Rose,140,music,7.6
Le violon rouge,130,music,7.6
The Piano,121,music,7.6
The Commitments,118,music,7.6
The Producers,88,music,7.6
A Hard Day's Night,87,music,7.6
Saving Mr. Banks,125,music,7.5
Inside Llewyn Davis,104,music,7.5
August Rush,114,music,7.5
High Fidelity,113,music,7.5
Rocketman,121,music,7.4
Begin Again,104,music,7.4
The Lion King,88,musical,8.5
Singin' in the Rain,103,musical,8.3
Sholay,198,musical,8.2
Munna Bhai M.B.B.S.,156,musical,8.1
Lagaan: Once Upon a Time in India,224,musical,8.1
Pink Floyd: The Wall,95,musical,8.1
La La Land,128,musical,8.0
Dancer in the Dark,140,musical,8.0
The Nightmare Before Christmas,76,musical,8.0
Aladdin,90,musical,8.0
Beauty and the Beast,84,musical,8.0
Fiddler on the Roof,181,musical,8.0
The Sound of Music,172,musical,8.0
The Wizard of Oz,102,musical,8.0
The Blues Brothers,133,musical,7.9
All That Jazz,123,musical,7.9
A Night at the Opera,96,musical,7.9
Veer-Zaara,192,musical,7.8
Cabaret,124,musical,7.8
Willy Wonka & the Chocolate Factory,100,musical,7.8
My Fair Lady,170,musical,7.8
Mary Poppins,139,musical,7.8
Duck Soup,69,musical,7.8
Rockstar,159,musical,7.7
Tangled,100,musical,7.7
Hedwig and the Angry Inch,95,musical,7.7
Kuch Kuch Hota Hai,177,musical,7.7
South Park: Bigger,81,musical,7.7
The Muppet Christmas Carol,85,musical,7.7
Moana,107,musical,7.6
Les Misérables,158,musical,7.6
The Greatest Showman,105,musical,7.6
Devdas,185,musical,7.6
Moulin Rouge!,127,musical,7.6
Mulan,88,musical,7.6
The Little Mermaid,83,musical,7.6
The Meaning of Life,107,musical,7.6
The Muppet Movie,95,musical,7.6
Hair,121,musical,7.6
The Many Adventures of Winnie the Pooh,74,musical,7.6
The Jungle Book,78,musical,7.6
A Hard Day's Night,87,musical,7.6
White Christmas,120,musical,7.6
Snow White and the Seven Dwarfs,83,musical,7.6
Frozen,102,musical,7.5
West Side Story,153,musical,7.5
An Affair to Remember,115,musical,7.5
Rocketman,121,musical,7.4
Kabhi Khushi Kabhie Gham...,210,musical,7.4
Labyrinth,101,musical,7.4
Sen to Chihiro no kamikakushi,125,mystery,8.6
The Green Mile,189,mystery,8.6
Se7en,127,mystery,8.6
The Prestige,130,mystery,8.5
The Usual Suspects,106,mystery,8.5
Psycho,109,mystery,8.5
Coco,105,mystery,8.4
The Lives of Others,137,mystery,8.4
Oldeuboi,101,mystery,8.4
Memento,113,mystery,8.4
Apocalypse Now,147,mystery,8.4
Witness for the Prosecution,116,mystery,8.4
Rear Window,112,mystery,8.4
Incendies,131,mystery,8.3
North by Northwest,136,mystery,8.3
Vertigo,128,mystery,8.3
Double Indemnity,107,mystery,8.3
Citizen Kane,119,mystery,8.3
M - Eine Stadt sucht einen Mörder,117,mystery,8.3
Talvar,132,mystery,8.2
Drishyam,163,mystery,8.2
El secreto de sus ojos,129,mystery,8.2
L.A. Confidential,138,mystery,8.2
Chinatown,130,mystery,8.2
Rashômon,88,mystery,8.2
Knives Out,130,mystery,8.1
Contratiempo,106,mystery,8.1
Gone Girl,149,mystery,8.1
Kahaani,122,mystery,8.1
Prisoners,153,mystery,8.1
A Wednesday,104,mystery,8.1
Harry Potter and the Deathly Hallows: Part 2,130,mystery,8.1
Shutter Island,138,mystery,8.1
Salinui chueok,131,mystery,8.1
Mou gaan dou,101,mystery,8.1
The Sixth Sense,107,mystery,8.1
Trois couleurs: Rouge,99,mystery,8.1
Chung Hing sam lam,102,mystery,8.1
The Thing,109,mystery,8.1
Solaris,167,mystery,8.1
Le samouraï,105,mystery,8.1
The Third Man,104,mystery,8.1
Rebecca,130,mystery,8.1
Das Cabinet des Dr. Caligari,76,mystery,8.1
Zootopia,108,mystery,8.0
Blade Runner 2049,164,mystery,8.0
Darbareye Elly,119,mystery,8.0
The Bourne Ultimatum,115,mystery,8.0
Pâfekuto burû,81,mystery,8.0
Twelve Monkeys,129,mystery,8.0
Forrest Gump,142,romance,8.8
La vita è bella,116,romance,8.6
Casablanca,102,romance,8.5
Modern Times,87,romance,8.5
City Lights,87,romance,8.5
Kimi no na wa.,106,romance,8.4
Marriage Story,136,romance,8.3
Eternal Sunshine of the Spotless Mind,108,romance,8.3
Amélie,122,romance,8.3
Good Will Hunting,126,romance,8.3
The Apartment,125,romance,8.3
Vertigo,128,romance,8.3
Singin' in the Rain,103,romance,8.3
Eiga Koe no katachi,130,romance,8.2
El secreto de sus ojos,129,romance,8.2
Hera Pheri,156,romance,8.2
Andaz Apna Apna,160,romance,8.2
Some Like It Hot,121,romance,8.2
Smultronstället,91,romance,8.2
The Red Shoes,135,romance,8.2
Sherlock Jr.,45,romance,8.2
Ah-ga-ssi,145,romance,8.1
Barfi!,151,romance,8.1
Lage Raho Munna Bhai,144,romance,8.1
Dil Chahta Hai,183,romance,8.1
La leggenda del pianista sull'oceano,169,romance,8.1
Crna macka,127,romance,8.1
Faa yeung nin wa,98,romance,8.1
Dilwale Dulhania Le Jayenge,189,romance,8.1
Before Sunrise,101,romance,8.1
Trois couleurs: Rouge,99,romance,8.1
Chung Hing sam lam,102,romance,8.1
Da hong deng long gao gao gua,125,romance,8.1
The Princess Bride,98,romance,8.1
The Shop Around the Corner,99,romance,8.1
Rebecca,130,romance,8.1
Gone with the Wind,238,romance,8.1
It Happened One Night,105,romance,8.1
Sunrise: A Song of Two Humans,94,romance,8.1
La La Land,128,romance,8.0
Sing Street,106,romance,8.0
Her,126,romance,8.0
The Perks of Being a Wallflower,103,romance,8.0
Dev.D,144,romance,8.0
Slumdog Millionaire,120,romance,8.0
Bin-jip,88,romance,8.0
Before Sunset,80,romance,8.0
Bom yeoreum gaeul gyeoul geurigo bom,103,romance,8.0
Cinderella Man,144,romance,8.0
Kal Ho Naa Ho,186,romance,8.0
Inception,148,sci_fi,8.8
The Matrix,136,sci_fi,8.7
Star Wars: Episode V - The Empire Strikes Back,124,sci_fi,8.7
Interstellar,169,sci_fi,8.6
Star Wars,121,sci_fi,8.6
Avengers: Endgame,181,sci_fi,8.5
Avengers: Infinity War,149,sci_fi,8.5
The Prestige,130,sci_fi,8.5
Terminator 2: Judgment Day,137,sci_fi,8.5
Back to the Future,116,sci_fi,8.5
Spider-Man: Into the Spider-Verse,117,sci_fi,8.4
WALL·E,98,sci_fi,8.4
Aliens,137,sci_fi,8.4
Alien,117,sci_fi,8.4
Eternal Sunshine of the Spotless Mind,108,sci_fi,8.3
Star Wars: Episode VI - Return of the Jedi,131,sci_fi,8.3
A Clockwork Orange,136,sci_fi,8.3
2001: A Space Odyssey,149,sci_fi,8.3
Metropolis,153,sci_fi,8.3
V for Vendetta,132,sci_fi,8.2
Shin seiki Evangelion Gekijô-ban: Air/Magokoro wo,87,sci_fi,8.2
Stalker,162,sci_fi,8.2
Logan,137,sci_fi,8.1
Mad Max: Fury Road,120,sci_fi,8.1
The Truman Show,103,sci_fi,8.1
Jurassic Park,127,sci_fi,8.1
Akira,124,sci_fi,8.1
Kaze no tani no Naushika,117,sci_fi,8.1
The Thing,109,sci_fi,8.1
Blade Runner,117,sci_fi,8.1
Solaris,167,sci_fi,8.1
The Martian,144,sci_fi,8.0
Guardians of the Galaxy,121,sci_fi,8.0
X-Men: Days of Future Past,132,sci_fi,8.0
Blade Runner 2049,164,sci_fi,8.0
Her,126,sci_fi,8.0
Deadpool,108,sci_fi,8.0
The Avengers,143,sci_fi,8.0
G.O.R.A.,127,sci_fi,8.0
Donnie Darko,113,sci_fi,8.0
The Iron Giant,86,sci_fi,8.0
Twelve Monkeys,129,sci_fi,8.0
Kôkaku Kidôtai,83,sci_fi,8.0
Tenkû no shiro Rapyuta,125,sci_fi,8.0
The Terminator,107,sci_fi,8.0
Planet of the Apes,112,sci_fi,8.0
Isle of Dogs,101,sci_fi,7.9
Thor: Ragnarok,130,sci_fi,7.9
Arrival,116,sci_fi,7.9
Star Wars: The Force Awakens,138,sci_fi,7.9
Dangal,161,sport,8.4
Ford v. Ferrari,152,sport,8.3
Bacheha-Ye aseman,89,sport,8.3
Bhaag Milkha Bhaag,186,sport,8.2
Paan Singh Tomar,135,sport,8.2
Warrior,140,sport,8.2
Chak De! India,153,sport,8.2
Raging Bull,129,sport,8.2
Rush,123,sport,8.1
Million Dollar Baby,132,sport,8.1
Lagaan: Once Upon a Time in India,224,sport,8.1
The Big Lebowski,117,sport,8.1
Rocky,120,sport,8.1
Cinderella Man,144,sport,8.0
The Hustler,134,sport,8.0
The Wrestler,109,sport,7.9
The Fighter,116,sport,7.8
The World's Fastest Indian,127,sport,7.8
Remember the Titans,113,sport,7.8
The Sandlot,101,sport,7.8
M.S. Dhoni: The Untold Stor,184,sport,7.7
Creed,133,sport,7.6
Kai po che!,120,sport,7.6
Moneyball,133,sport,7.6
The Blind Side,129,sport,7.6
Huo Yuan Jia,104,sport,7.6
The Hurricane,146,sport,7.6
Le grand bleu,168,sport,7.6
I,119,sport,7.5
Yip Man 2,108,sport,7.5
The Damned United,98,sport,7.5
42,128,sport,7.5
Hooligans,109,sport,7.5
Miracle,135,sport,7.5
Rudy,114,sport,7.5
Field of Dreams,107,sport,7.5
Hoosiers,114,sport,7.5
The Natural,138,sport,7.5
McFarland,129,sport,7.4
Southpaw,124,sport,7.4
Eddie the Eagle,106,sport,7.4
The Greatest Game Ever Played,120,sport,7.4
Invictus,134,sport,7.3
Peaceful Warrior,120,sport,7.3
Coach Carter,136,sport,7.3
Seabiscuit,140,sport,7.3
Siu Lam juk kau,113,sport,7.3
Jerry Maguire,139,sport,7.3
The Basketball Diaries,102,sport,7.3
Caddyshack,98,sport,7.3
The Dark Knight,152,thriller,9.0
Inception,148,thriller,8.8
Joker,122,thriller,8.7
Gisaengchung,132,thriller,8.6
Se7en,127,thriller,8.6
The Silence of the Lambs,118,thriller,8.6
Drishyam,160,thriller,8.5
The Prestige,130,thriller,8.5
The Departed,151,thriller,8.5
The Usual Suspects,106,thriller,8.5
Léon,110,thriller,8.5
Psycho,109,thriller,8.5
Andhadhun,139,thriller,8.4
The Dark Knight Rises,164,thriller,8.4
The Lives of Others,137,thriller,8.4
Oldeuboi,101,thriller,8.4
Memento,113,thriller,8.4
Aliens,137,thriller,8.4
Witness for the Prosecution,116,thriller,8.4
Rear Window,112,thriller,8.4
Eskiya,128,thriller,8.3
Reservoir Dogs,99,thriller,8.3
Das Boot,149,thriller,8.3
North by Northwest,136,thriller,8.3
Vertigo,128,thriller,8.3
Double Indemnity,107,thriller,8.3
M - Eine Stadt sucht einen Mörder,117,thriller,8.3
Pink,136,thriller,8.2
Talvar,132,thriller,8.2
Drishyam,163,thriller,8.2
Vishwaroopam,148,thriller,8.2
Gangs of Wasseypur,321,thriller,8.2
Paan Singh Tomar,135,thriller,8.2
El secreto de sus ojos,129,thriller,8.2
V for Vendetta,132,thriller,8.2
L.A. Confidential,138,thriller,8.2
Heat,170,thriller,8.2
Die Hard,132,thriller,8.2
Sholay,198,thriller,8.2
Chinatown,130,thriller,8.2
The Great Escape,172,thriller,8.2
Yôjinbô,110,thriller,8.2
Dial M for Murder,105,thriller,8.2
Knives Out,130,thriller,8.1
Contratiempo,106,thriller,8.1
Ah-ga-ssi,145,thriller,8.1
Haider,160,thriller,8.1
Logan,137,thriller,8.1
Room,118,thriller,8.1
Relatos salvajes,122,thriller,8.1
Dag II,135,war,9.0
Saving Private Ryan,169,war,8.6
La vita è bella,116,war,8.6
Ayla: The Daughter of War,125,war,8.5
The Pianist,150,war,8.5
Hotaru no haka,89,war,8.5
Casablanca,102,war,8.5
The Great Dictator,125,war,8.5
Uri: The Surgical Strike,138,war,8.4
Apocalypse Now,147,war,8.4
Paths of Glory,88,war,8.4
Incendies,131,war,8.3
Inglourious Basterds,153,war,8.3
Braveheart,178,war,8.3
Full Metal Jacket,116,war,8.3
Idi i smotri,142,war,8.3
Das Boot,149,war,8.3
Lawrence of Arabia,228,war,8.3
Mandariinid,87,war,8.2
Pan's Labyrinth,118,war,8.2
Der Untergang,156,war,8.2
The Message,177,war,8.2
The Great Escape,172,war,8.2
Judgment at Nuremberg,179,war,8.2
Hacksaw Ridge,139,war,8.1
Hotel Rwanda,121,war,8.1
Taegukgi hwinalrimyeo,140,war,8.1
Underground,170,war,8.1
Platoon,120,war,8.1
The Deer Hunter,183,war,8.1
Barry Lyndon,185,war,8.1
La battaglia di Algeri,121,war,8.1
Ivanovo detstvo,95,war,8.1
The Bridge on the River Kwai,161,war,8.1
Gone with the Wind,238,war,8.1
La Grande Illusion,113,war,8.1
The General,67,war,8.1
The Imitation Game,114,war,8.0
Nefes: Vatan Sagolsun,128,war,8.0
Persepolis,96,war,8.0
Au revoir les enfants,104,war,8.0
Kagemusha,180,war,8.0
Doctor Zhivago,197,war,8.0
Stalag 17,120,war,8.0
The Best Years of Our Lives,170,war,8.0
All Quiet on the Western Front,136,war,8.0
Dunkirk,106,war,7.9
Letters from Iwo Jima,141,war,7.9
No Man's Land,98,war,7.9
Patton,172,war,7.9
Il buono,161,western,8.8
Once Upon a Time in the West,165,western,8.5
Django Unchained,165,western,8.4
Per qualche dollaro in più,132,western,8.3
Unforgiven,130,western,8.2
The Treasure of the Sierra Madre,126,western,8.2
The Man Who Shot Liberty Valance,123,western,8.1
The General,67,western,8.1
The Revenant,156,western,8.0
Dances with Wolves,181,western,8.0
Butch Cassidy and the Sundance Kid,110,western,8.0
Per un pugno di dollari,99,western,8.0
Rio Bravo,141,western,8.0
The Outlaw Josey Wales,135,western,7.9
The Wild Bunch,135,western,7.9
The Searchers,119,western,7.9
High Noon,85,western,7.9
Stagecoach,96,western,7.9
The Hateful Eight,168,western,7.8
Tombstone,130,western,7.8
Midnight Cowboy,113,western,7.8
Red River,133,western,7.8
3:10 to Yuma,122,western,7.7
Blazing Saddles,93,western,7.7
Giù la testa,157,western,7.7
The Magnificent Seven,128,western,7.7
Hell or High Water,102,western,7.6
True Grit,110,western,7.6
Dead Man,121,western,7.6
Jeremiah Johnson,108,western,7.6
Little Big Man,139,western,7.6
Giant,201,western,7.6
Shane,118,western,7.6
The Assassination of Jesse James by the Coward Robert Ford,160,western,7.5
Legends of the Fall,133,western,7.5
Of Mice and Men,115,western,7.5
High Plains Drifter,105,western,7.5
Calvary,102,western,7.4
Yahsi Bati,112,western,7.4
The Proposition,104,western,7.4
The Three Burials of Melquiades Estrada,121,western,7.4
Open Range,139,western,7.4
Back to the Future Part III,118,western,7.4
True Grit,128,western,7.4
The Ballad of Buster Scruggs,133,western,7.3
Joheunnom nabbeunnom isanghannom,139,western,7.3
Pale Rider,115,western,7.3
Hostiles,134,western,7.2
Rango,107,western,7.2
Silverado,133,western,7.2
